"Group","Database","Category","a","b","c","d","Odds ratio","p-value","q-value"
"group1","pathway_id","230 Purine metabolism",120,753,2923,14778,0.805709630859204,0.0311340727320372,0.254423750607116
"group1","pathway_id","290 Valine, leucine and isoleucine biosynthesis",22,851,232,17469,1.94650700170714,0.00631404956436686,0.0805426322478992
"group1","pathway_id","30 Pentose phosphate pathway",275,598,6199,11502,0.853248070626859,0.0348074958469621,0.278397460565356
"group1","pathway_id","311 Penicillin and cephalosporin biosynthesis",1,872,0,17701,Inf,0.0470011844513836,0.330906415916376
"group1","pathway_id","312 beta-Lactam resistance",1,872,0,17701,Inf,0.0470011844513836,0.330906415916376
"group1","pathway_id","4150 mTOR signaling pathway",5,868,37,17664,2.74978808719335,0.045867372036761,0.330743724221111
"group1","pathway_id","53 Ascorbate and aldarate metabolism",61,812,894,16807,1.41225835212889,0.0147111213898609,0.156562254093839
"group1","pathway_id","531 Glycosaminoglycan degradation",28,845,256,17445,2.25792713372807,0.000302911117418431,0.00605987760037637
"group1","pathway_id","600 Sphingolipid metabolism",30,843,377,17324,1.63524730411714,0.0169266841540098,0.174069074965814
"group1","go_id","GO:0003872 6-phosphofructokinase activity",1,715,0,14649,Inf,0.0465994142531728,0.330743724221111
"group1","go_id","GO:0003935 GTP cyclohydrolase II activity",1,715,0,14649,Inf,0.0465994142531728,0.330743724221111
"group1","go_id","GO:0003979 UDP-glucose 6-dehydrogenase activity",2,714,4,14645,10.2513887293105,0.0287030766571137,0.238621012064212
"group1","go_id","GO:0004035 alkaline phosphatase activity",2,714,1,14648,40.9936630907933,0.00630426722254903,0.0805426322478992
"group1","go_id","GO:0004123 cystathionine gamma-lyase activity",4,712,22,14627,3.7343409257065,0.0309033929824924,0.254141428199937
"group1","go_id","GO:0004363 glutathione synthase activity",1,715,0,14649,Inf,0.0465994142531728,0.330743724221111
"group1","go_id","GO:0004490 methylglutaconyl-CoA hydratase activity",1,715,0,14649,Inf,0.0465994142531728,0.330743724221111
"group1","go_id","GO:0004557 alpha-galactosidase activity",5,711,36,14613,2.85421930132173,0.0406435630130502,0.313254914085846
"group1","go_id","GO:0004561 alpha-N-acetylglucosaminidase activity",1,715,0,14649,Inf,0.0465994142531728,0.330743724221111
"group1","go_id","GO:0004565 beta-galactosidase activity",15,701,108,14541,2.88067010333062,0.000595581435460216,0.0112392970887621
"group1","go_id","GO:0004617 phosphoglycerate dehydrogenase activity",5,711,30,14619,3.42635674449251,0.0220766338376193,0.193355398276374
"group1","go_id","GO:0004655 porphobilinogen synthase activity",1,715,0,14649,Inf,0.0465994142531728,0.330743724221111
"group1","go_id","GO:0004849 uridine kinase activity",1,715,0,14649,Inf,0.0465994142531728,0.330743724221111
"group1","go_id","GO:0008703 5-amino-6-(5-phosphoribosylamino)uracil reductase activity",1,715,0,14649,Inf,0.0465994142531728,0.330743724221111
"group1","go_id","GO:0008706 6-phospho-beta-glucosidase activity",1,715,0,14649,Inf,0.0465994142531728,0.330743724221111
"group1","go_id","GO:0008800 beta-lactamase activity",1,715,0,14649,Inf,0.0465994142531728,0.330743724221111
"group1","go_id","GO:0008835 diaminohydroxyphosphoribosylaminopyrimidine deaminase activity",1,715,0,14649,Inf,0.0465994142531728,0.330743724221111
"group1","go_id","GO:0009044 xylan 1,4-beta-xylosidase activity",4,712,10,14639,8.22250309080735,0.00321789856002348,0.0469354195135222
"group1","go_id","GO:0030060 L-malate dehydrogenase activity",1,715,0,14649,Inf,0.0465994142531728,0.330743724221111
"group1","go_id","GO:0047575 4-carboxymuconolactone decarboxylase activity",5,711,22,14627,4.67459683330716,0.00744627780737245,0.0905675184478091
"group2","pathway_id","140 C21-Steroid hormone metabolism",6,1197,27,17344,3.21955270852288,0.0178825237250154,0.182871283120898
"group2","pathway_id","196 Photosynthesis - antenna proteins",3,1200,0,17371,Inf,0.000271060932139838,0.00548261918543617
"group2","pathway_id","260 Glycine, serine and threonine metabolism",72,1131,801,16570,1.31689539185629,0.0342852808486604,0.275864644366914
"group2","pathway_id","280 Valine, leucine and isoleucine degradation",6,1197,222,17149,0.387220132851358,0.0140316221094699,0.150427924927973
"group2","pathway_id","290 Valine, leucine and isoleucine biosynthesis",33,1170,221,17150,2.18863486397769,0.000145943231702669,0.00331862218176069
"group2","pathway_id","310 Lysine degradation",6,1197,197,17174,0.436994576273712,0.0429302583621685,0.3226824020136
"group2","pathway_id","363 Bisphenol A degradation",6,1197,21,17350,4.14095117650964,0.00664825099422729,0.0827865540471636
"group2","pathway_id","364 Fluorobenzoate degradation",6,1197,2,17369,43.4920342739757,1.82349349940936e-06,5.96054437619435e-05
"group2","pathway_id","523 Polyketide sugar unit biosynthesis",18,1185,157,17214,1.66540217612957,0.0448465278215116,0.329177097258049
"group2","pathway_id","591 Linoleic acid metabolism",6,1197,20,17351,4.34806886056865,0.00546494472558228,0.0714541522869883
"group2","pathway_id","600 Sphingolipid metabolism",42,1161,365,17006,1.68542544037898,0.00292846267250703,0.0437595993634622
"group2","pathway_id","603 Glycosphingolipid biosynthesis - globo series",21,1182,189,17182,1.6150892070667,0.046766980980346,0.330743724221111
"group2","pathway_id","660 C5-Branched dibasic acid metabolism",18,1185,146,17225,1.79201835154439,0.0249556831688986,0.214466563571215
"group2","pathway_id","750 Vitamin B6 metabolism",12,1191,86,17285,2.02497245613351,0.0351874017115936,0.280045821013357
"group2","pathway_id","908 Zeatin biosynthesis",15,1188,102,17269,2.13753259049053,0.0120756201264474,0.132759295143916
"group2","pathway_id","930 Caprolactam degradation",6,1197,7,17364,12.4295898149768,8.42249127248496e-05,0.0020340635397443
"group2","go_id","GO:0003861 3-isopropylmalate dehydratase activity",6,969,34,14356,2.61416597969363,0.0388728272326013,0.302151635878033
"group2","go_id","GO:0003961 O-acetylhomoserine aminocarboxypropyltransferase activity",12,963,36,14354,4.96739909506803,3.29828951972451e-05,0.000881389630051929
"group2","go_id","GO:0003979 UDP-glucose 6-dehydrogenase activity",3,972,3,14387,14.7937728042357,0.004406191463391,0.0601905483114718
"group2","go_id","GO:0003984 acetolactate synthase activity",6,969,34,14356,2.61416597969363,0.0388728272326013,0.302151635878033
"group2","go_id","GO:0004000 adenosine deaminase activity",3,972,0,14390,Inf,0.000254778935772909,0.00518192046591455
"group2","go_id","GO:0004123 cystathionine gamma-lyase activity",6,969,20,14370,4.44814448042076,0.00493817247505533,0.0652658824230237
"group2","go_id","GO:0004342 glucosamine-6-phosphate deaminase activity",0,975,62,14328,0,0.0327436841343703,0.264041029991035
"group2","go_id","GO:0004355 glutamate synthase (NADPH) activity",6,969,34,14356,2.61416597969363,0.0388728272326013,0.302151635878033
"group2","go_id","GO:0004476 mannose-6-phosphate isomerase activity",3,972,1,14389,44.3634138205909,0.000970753851624783,0.0170862012057612
"group2","go_id","GO:0004556 alpha-amylase activity",3,972,0,14390,Inf,0.000254778935772909,0.00518192046591455
"group2","go_id","GO:0004557 alpha-galactosidase activity",6,969,35,14355,2.53933830049612,0.0431888492178814,0.3226824020136
"group2","go_id","GO:0004565 beta-galactosidase activity",15,960,108,14282,2.0661289484228,0.0139594290104655,0.150310204727395
"group2","go_id","GO:0004775 succinate-CoA ligase (ADP-forming) activity",6,969,34,14356,2.61416597969363,0.0388728272326013,0.302151635878033
"group2","go_id","GO:0008448 N-acetylglucosamine-6-phosphate deacetylase activity",0,975,54,14336,0,0.0485919250696376,0.339494346717449
"group2","go_id","GO:0008750 NAD(P)+ transhydrogenase (AB-specific) activity",9,966,51,14339,2.61917594676542,0.0128129308143387,0.140443532069742
"group2","go_id","GO:0008795 NAD+ synthase activity",9,966,52,14338,2.56865923078834,0.0142104778377325,0.15167510018641
"group2","go_id","GO:0008832 dGTPase activity",0,975,53,14337,0,0.0485810794112982,0.339494346717449
"group2","go_id","GO:0008888 glycerol dehydrogenase activity",3,972,0,14390,Inf,0.000254778935772909,0.00518192046591455
"group2","go_id","GO:0008928 mannose-1-phosphate guanylyltransferase (GDP) activity",3,972,1,14389,44.3634138205909,0.000970753851624783,0.0170862012057612
"group2","go_id","GO:0008949 oxalyl-CoA decarboxylase activity",3,972,0,14390,Inf,0.000254778935772909,0.00518192046591455
"group2","go_id","GO:0008982 protein-N(PI)-phosphohistidine-sugar phosphotransferase activity",0,975,82,14308,0,0.00995148585474758,0.114303499672505
"group2","go_id","GO:0009016 succinyldiaminopimelate transaminase activity",6,969,29,14361,3.06592226475,0.0214489737357402,0.192046365092538
"group2","go_id","GO:0009042 valine-pyruvate transaminase activity",3,972,0,14390,Inf,0.000254778935772909,0.00518192046591455
"group2","go_id","GO:0009044 xylan 1,4-beta-xylosidase activity",6,969,8,14382,11.1272872127761,0.000124099458528476,0.00287549441565032
"group2","go_id","GO:0047575 4-carboxymuconolactone decarboxylase activity",9,966,18,14372,7.43629214410604,2.65924423128314e-05,0.000731207281504844
"group2","go_id","GO:0047631 ADP-ribose diphosphatase activity",6,969,18,14372,4.94262315401545,0.00321791595135047,0.0469354195135222
"group3","pathway_id","1040 Biosynthesis of unsaturated fatty acids",8,3418,12,15136,2.95186627251027,0.0203251097873426,0.192046365092538
"group3","pathway_id","140 C21-Steroid hormone metabolism",11,3415,22,15126,2.21453842590597,0.0399171460221987,0.30961159234591
"group3","pathway_id","20 Citrate cycle (TCA cycle)",529,2897,2016,13132,1.18947068589896,0.00128188069458176,0.022136628409735
"group3","pathway_id","230 Purine metabolism",493,2933,2550,12598,0.83043330745507,0.00046019664146628,0.00886726265477922
"group3","pathway_id","231 Puromycin biosynthesis",25,3401,172,14976,0.640048468823907,0.0415558314900333,0.319613233371874
"group3","pathway_id","240 Pyrimidine metabolism",304,3122,1712,13436,0.764219341576954,2.67636644964898e-05,0.000731207281504844
"group3","pathway_id","260 Glycine, serine and threonine metabolism",191,3235,682,14466,1.25232618039354,0.00833892586105671,0.100094451073209
"group3","pathway_id","270 Cysteine and methionine metabolism",186,3240,1006,14142,0.807025052429466,0.00863757168210677,0.103003745694439
"group3","pathway_id","281 Geraniol degradation",0,3426,37,15111,0,0.000956128810978882,0.0170750613511887
"group3","pathway_id","290 Valine, leucine and isoleucine biosynthesis",88,3338,166,14982,2.37920925976454,7.92692725377136e-10,9.0689002112678e-08
"group3","pathway_id","30 Pentose phosphate pathway",1117,2309,5357,9791,0.88420152853261,0.00223219766968356,0.0349234002936389
"group3","pathway_id","330 Arginine and proline metabolism",194,3232,697,14451,1.24448586846354,0.0101864364134413,0.116380779739953
"group3","pathway_id","340 Histidine metabolism",136,3290,424,14724,1.4354667194973,0.000476050286491491,0.00912471255939973
"group3","pathway_id","400 Phenylalanine, tyrosine and tryptophan biosynthesis",190,3236,715,14433,1.18521033017768,0.0478858719807819,0.336487864340965
"group3","pathway_id","410 beta-Alanine metabolism",9,3417,10,15138,3.98677154506772,0.00377119858879279,0.0531013770521939
"group3","pathway_id","460 Cyanoamino acid metabolism",38,3388,49,15099,3.45583391373311,6.79994854998972e-08,4.65536581838735e-06
"group3","pathway_id","500 Starch and sucrose metabolism",286,3140,747,14401,1.75587150755352,7.51656095951776e-14,1.71988310454966e-11
"group3","pathway_id","51 Fructose and mannose metabolism",177,3249,639,14509,1.2369575908844,0.0163251158653681,0.168355631501726
"group3","pathway_id","52 Galactose metabolism",502,2924,1738,13410,1.32464102429761,4.21787254404346e-07,1.49918751298477e-05
"group3","pathway_id","520 Amino sugar and nucleotide sugar metabolism",287,3139,994,14154,1.30189696589544,0.000215762794079342,0.00464651523014395
"group3","pathway_id","53 Ascorbate and aldarate metabolism",243,3183,712,14436,1.54783442297702,3.74246600133359e-08,2.74023360617645e-06
"group3","pathway_id","531 Glycosaminoglycan degradation",84,3342,200,14948,1.87842164882791,4.46288376860902e-06,0.000138462859973539
"group3","pathway_id","550 Peptidoglycan biosynthesis",127,3299,742,14406,0.747428328194699,0.00265680982029179,0.0401936407902104
"group3","pathway_id","562 Inositol phosphate metabolism",21,3405,153,14995,0.60446464123119,0.0302577664137426,0.24949027666827
"group3","pathway_id","600 Sphingolipid metabolism",100,3326,307,14841,1.45342384223686,0.00187310816310891,0.0300331006372381
"group3","pathway_id","604 Glycosphingolipid biosynthesis - ganglio series",111,3315,383,14765,1.29082541861241,0.0217712380638307,0.192046365092538
"group3","pathway_id","650 Butanoate metabolism",85,3341,473,14675,0.789342839251729,0.0461355787253155,0.330743724221111
"group3","pathway_id","660 C5-Branched dibasic acid metabolism",56,3370,108,15040,2.31397293598602,1.39508046773159e-06,4.77326130127603e-05
"group3","pathway_id","790 Folate biosynthesis",85,3341,273,14875,1.38620665201491,0.0108226806779185,0.12191333526726
"group3","pathway_id","940 Phenylpropanoid biosynthesis",86,3340,244,14904,1.57272310196871,0.000559338793111984,0.010665308966578
"group3","pathway_id","970 Aminoacyl-tRNA biosynthesis",184,3242,1078,14070,0.740781682880352,0.00019472753177521,0.00429456321583761
"group3","pathway_id","980 Metabolism of xenobiotics by cytochrome P450",8,3418,79,15069,0.446462414490098,0.0257123311725914,0.219678955911825
"group3","pathway_id","982 Drug metabolism - cytochrome P450",8,3418,79,15069,0.446462414490098,0.0257123311725914,0.219678955911825
"group3","pathway_id","983 Drug metabolism - other enzymes",49,3377,335,14813,0.641617087702051,0.00335075746532354,0.0486790598434503
"group3","go_id","GO:0000105 histidine biosynthetic process",8,2863,12,12482,2.90617587382272,0.0218747157179974,0.192046365092538
"group3","go_id","GO:0000210 NAD+ diphosphatase activity",8,2863,12,12482,2.90617587382272,0.0218747157179974,0.192046365092538
"group3","go_id","GO:0003852 2-isopropylmalate synthase activity",8,2863,12,12482,2.90617587382272,0.0218747157179974,0.192046365092538
"group3","go_id","GO:0003861 3-isopropylmalate dehydratase activity",16,2855,24,12470,2.91151121748866,0.00163936612655436,0.026439292463945
"group3","go_id","GO:0003862 3-isopropylmalate dehydrogenase activity",8,2863,12,12482,2.90617587382272,0.0218747157179974,0.192046365092538
"group3","go_id","GO:0003879 ATP phosphoribosyltransferase activity",8,2863,12,12482,2.90617587382272,0.0218747157179974,0.192046365092538
"group3","go_id","GO:0003887 DNA-directed DNA polymerase activity",56,2815,364,12130,0.662953533987579,0.00347885562143458,0.0501420883073701
"group3","go_id","GO:0003934 GTP cyclohydrolase I activity",8,2863,9,12485,3.87580568101609,0.00714951570808957,0.0874942602095937
"group3","go_id","GO:0003939 L-iditol 2-dehydrogenase activity",6,2865,0,12494,Inf,4.23796440010504e-05,0.00110822769062747
"group3","go_id","GO:0003942 N-acetyl-gamma-glutamyl-phosphate reductase activity",8,2863,12,12482,2.90617587382272,0.0218747157179974,0.192046365092538
"group3","go_id","GO:0003949 1-(5-phosphoribosyl)-5-[(5-phosphoribosylamino)methylideneamino]imidazole-4-carboxamide isomerase activity",8,2863,12,12482,2.90617587382272,0.0218747157179974,0.192046365092538
"group3","go_id","GO:0003962 cystathionine gamma-synthase activity",8,2863,6,12488,5.8148907197483,0.00150407735555401,0.0250292145394692
"group3","go_id","GO:0003984 acetolactate synthase activity",16,2855,24,12470,2.91151121748866,0.00163936612655436,0.026439292463945
"group3","go_id","GO:0003985 acetyl-CoA C-acetyltransferase activity",0,2871,32,12462,0,0.00229249698231151,0.0354127909377318
"group3","go_id","GO:0003988 acetyl-CoA C-acyltransferase activity",0,2871,32,12462,0,0.00229249698231151,0.0354127909377318
"group3","go_id","GO:0003991 acetylglutamate kinase activity",8,2863,12,12482,2.90617587382272,0.0218747157179974,0.192046365092538
"group3","go_id","GO:0003992 acetylornithine transaminase activity",8,2863,12,12482,2.90617587382272,0.0218747157179974,0.192046365092538
"group3","go_id","GO:0003994 aconitate hydratase activity",8,2863,11,12483,3.17088395789206,0.0156345240580691,0.163788008046868
"group3","go_id","GO:0004013 adenosylhomocysteinase activity",0,2871,30,12464,0,0.00363197565438682,0.0517379878237749
"group3","go_id","GO:0004022 alcohol dehydrogenase activity",8,2863,79,12415,0.439137807849492,0.0190141354031798,0.192046365092538
"group3","go_id","GO:0004029 aldehyde dehydrogenase (NAD) activity",8,2863,8,12486,4.36058027857165,0.00451739360108093,0.0603583137721069
"group3","go_id","GO:0004048 anthranilate phosphoribosyltransferase activity",8,2863,12,12482,2.90617587382272,0.0218747157179974,0.192046365092538
"group3","go_id","GO:0004049 anthranilate synthase activity",16,2855,29,12465,2.40866737690489,0.00660875627184803,0.0825756201748657
"group3","go_id","GO:0004065 arylsulfatase activity",6,2865,1,12493,26.1760722193993,0.000249225638720417,0.00518192046591455
"group3","go_id","GO:0004069 aspartate transaminase activity",48,2823,148,12346,1.41835031610184,0.0420383363690131,0.319963304463528
"group3","go_id","GO:0004081 bis(5'-nucleosyl)-tetraphosphatase (asymmetrical) activity",8,2863,9,12485,3.87580568101609,0.00714951570808957,0.0874942602095937
"group3","go_id","GO:0004108 citrate (Si)-synthase activity",8,2863,12,12482,2.90617587382272,0.0218747157179974,0.192046365092538
"group3","go_id","GO:0004122 cystathionine beta-synthase activity",8,2863,12,12482,2.90617587382272,0.0218747157179974,0.192046365092538
"group3","go_id","GO:0004124 cysteine synthase activity",0,2871,35,12459,0,0.00154645236196009,0.0256179280413389
"group3","go_id","GO:0004148 dihydrolipoyl dehydrogenase activity",16,2855,16,12478,4.36999672841019,6.01476353035076e-05,0.00149796253636831
"group3","go_id","GO:0004150 dihydroneopterin aldolase activity",8,2863,10,12484,3.48798361103408,0.0107894346330442,0.12191333526726
"group3","go_id","GO:0004160 dihydroxy-acid dehydratase activity",8,2863,12,12482,2.90617587382272,0.0218747157179974,0.192046365092538
"group3","go_id","GO:0004163 diphosphomevalonate decarboxylase activity",0,2871,27,12467,0,0.0056135037429113,0.0731353637110259
"group3","go_id","GO:0004309 exopolyphosphatase activity",24,2847,58,12436,1.80740809305535,0.0217887502381444,0.192046365092538
"group3","go_id","GO:0004340 glucokinase activity",5,2866,2,12492,10.894207504879,0.00340499833310341,0.0492715371442355
"group3","go_id","GO:0004342 glucosamine-6-phosphate deaminase activity",24,2847,38,12456,2.76299092452743,0.000219880537765905,0.00470750086994724
"group3","go_id","GO:0004354 glutamate dehydrogenase (NADP+) activity",8,2863,12,12482,2.90617587382272,0.0218747157179974,0.192046365092538
"group3","go_id","GO:0004355 glutamate synthase (NADPH) activity",16,2855,24,12470,2.91151121748866,0.00163936612655436,0.026439292463945
"group3","go_id","GO:0004358 glutamate N-acetyltransferase activity",8,2863,12,12482,2.90617587382272,0.0218747157179974,0.192046365092538
"group3","go_id","GO:0004399 histidinol dehydrogenase activity",8,2863,12,12482,2.90617587382272,0.0218747157179974,0.192046365092538
"group3","go_id","GO:0004400 histidinol-phosphate transaminase activity",8,2863,12,12482,2.90617587382272,0.0218747157179974,0.192046365092538
"group3","go_id","GO:0004420 hydroxymethylglutaryl-CoA reductase (NADPH) activity",0,2871,25,12469,0,0.00883710125231323,0.104383156358658
"group3","go_id","GO:0004421 hydroxymethylglutaryl-CoA synthase activity",0,2871,32,12462,0,0.00229249698231151,0.0354127909377318
"group3","go_id","GO:0004424 imidazoleglycerol-phosphate dehydratase activity",8,2863,12,12482,2.90617587382272,0.0218747157179974,0.192046365092538
"group3","go_id","GO:0004425 indole-3-glycerol-phosphate synthase activity",9,2862,11,12483,3.56820810706041,0.00627423656817663,0.0805426322478992
"group3","go_id","GO:0004450 isocitrate dehydrogenase (NADP+) activity",8,2863,12,12482,2.90617587382272,0.0218747157179974,0.192046365092538
"group3","go_id","GO:0004452 isopentenyl-diphosphate delta-isomerase activity",0,2871,30,12464,0,0.00363197565438682,0.0517379878237749
"group3","go_id","GO:0004455 ketol-acid reductoisomerase activity",16,2855,20,12474,3.49495487584723,0.000342821999020606,0.00674769536781956
"group3","go_id","GO:0004496 mevalonate kinase activity",0,2871,30,12464,0,0.00363197565438682,0.0517379878237749
"group3","go_id","GO:0004512 inositol-3-phosphate synthase activity",0,2871,38,12456,0,0.000585968426152107,0.0111151834618801
"group3","go_id","GO:0004514 nicotinate-nucleotide diphosphorylase (carboxylating) activity",8,2863,8,12486,4.36058027857165,0.00451739360108093,0.0603583137721069
"group3","go_id","GO:0004558 alpha-glucosidase activity",28,2843,71,12423,1.72317961526571,0.0191948600522772,0.192046365092538
"group3","go_id","GO:0004564 beta-fructofuranosidase activity",12,2859,15,12479,3.49146436664687,0.00187860695054016,0.0300331006372381
"group3","go_id","GO:0004565 beta-galactosidase activity",48,2823,75,12419,2.81522358813032,1.37538454957425e-07,5.8206124574934e-06
"group3","go_id","GO:0004568 chitinase activity",8,2863,3,12491,11.631687079788,0.000141455018135476,0.00325702403392439
"group3","go_id","GO:0004585 ornithine carbamoyltransferase activity",8,2863,12,12482,2.90617587382272,0.0218747157179974,0.192046365092538
"group3","go_id","GO:0004617 phosphoglycerate dehydrogenase activity",17,2854,18,12476,4.12802602709997,5.69401158247793e-05,0.00143551463043606
"group3","go_id","GO:0004622 lysophospholipase activity",8,2863,14,12480,2.49070482111434,0.049736699211657,0.346830582502621
"group3","go_id","GO:0004635 phosphoribosyl-AMP cyclohydrolase activity",8,2863,12,12482,2.90617587382272,0.0218747157179974,0.192046365092538
"group3","go_id","GO:0004636 phosphoribosyl-ATP diphosphatase activity",8,2863,12,12482,2.90617587382272,0.0218747157179974,0.192046365092538
"group3","go_id","GO:0004648 phosphoserine transaminase activity",8,2863,12,12482,2.90617587382272,0.0218747157179974,0.192046365092538
"group3","go_id","GO:0004775 succinate-CoA ligase (ADP-forming) activity",16,2855,24,12470,2.91151121748866,0.00163936612655436,0.026439292463945
"group3","go_id","GO:0004793 threonine aldolase activity",8,2863,12,12482,2.90617587382272,0.0218747157179974,0.192046365092538
"group3","go_id","GO:0004794 L-threonine ammonia-lyase activity",8,2863,12,12482,2.90617587382272,0.0218747157179974,0.192046365092538
"group3","go_id","GO:0004834 tryptophan synthase activity",17,2854,30,12464,2.47456301950015,0.00425114507793204,0.0586382204785647
"group3","go_id","GO:0004850 uridine phosphorylase activity",0,2871,37,12457,0,0.000969880080562118,0.0170862012057612
"group3","go_id","GO:0008422 beta-glucosidase activity",38,2833,41,12453,4.07354373778227,2.57766605452264e-09,2.62134317377983e-07
"group3","go_id","GO:0008444 CDP-diacylglycerol-glycerol-3-phosphate 3-phosphatidyltransferase activity",16,2855,134,12360,0.516949883156645,0.0110660188892252,0.124272071022863
"group3","go_id","GO:0008477 purine nucleosidase activity",16,2855,145,12349,0.477310294380541,0.00304892899868697,0.0451253664987887
"group3","go_id","GO:0008478 pyridoxal kinase activity",8,2863,12,12482,2.90617587382272,0.0218747157179974,0.192046365092538
"group3","go_id","GO:0008658 penicillin binding",8,2863,6,12488,5.8148907197483,0.00150407735555401,0.0250292145394692
"group3","go_id","GO:0008661 1-deoxy-D-xylulose-5-phosphate synthase activity",8,2863,12,12482,2.90617587382272,0.0218747157179974,0.192046365092538
"group3","go_id","GO:0008666 2,3,4,5-tetrahydropyridine-2,6-dicarboxylate N-succinyltransferase activity",8,2863,12,12482,2.90617587382272,0.0218747157179974,0.192046365092538
"group3","go_id","GO:0008677 2-dehydropantoate 2-reductase activity",0,2871,40,12454,0,0.000373786048329158,0.00727888682411195
"group3","go_id","GO:0008685 2-C-methyl-D-erythritol 2,4-cyclodiphosphate synthase activity",8,2863,12,12482,2.90617587382272,0.0218747157179974,0.192046365092538
"group3","go_id","GO:0008696 4-amino-4-deoxychorismate lyase activity",10,2861,4,12490,10.9114951897898,2.44559868610307e-05,0.000678283090138132
"group3","go_id","GO:0008733 L-arabinose isomerase activity",0,2871,22,12472,0,0.0235345688033298,0.203995094933148
"group3","go_id","GO:0008734 L-aspartate oxidase activity",8,2863,8,12486,4.36058027857165,0.00451739360108093,0.0603583137721069
"group3","go_id","GO:0008741 ribulokinase activity",0,2871,22,12472,0,0.0235345688033298,0.203995094933148
"group3","go_id","GO:0008750 NAD(P)+ transhydrogenase (AB-specific) activity",24,2847,36,12458,2.91687618064783,0.000157244625243547,0.00355353440133719
"group3","go_id","GO:0008782 adenosylhomocysteine nucleosidase activity",8,2863,73,12421,0.475471894179226,0.0443732481744442,0.329177097258049
"group3","go_id","GO:0008797 aspartate ammonia-lyase activity",8,2863,11,12483,3.17088395789206,0.0156345240580691,0.163788008046868
"group3","go_id","GO:0008836 diaminopimelate decarboxylase activity",8,2863,12,12482,2.90617587382272,0.0218747157179974,0.192046365092538
"group3","go_id","GO:0008837 diaminopimelate epimerase activity",8,2863,12,12482,2.90617587382272,0.0218747157179974,0.192046365092538
"group3","go_id","GO:0008866 fructuronate reductase activity",2,2869,0,12494,Inf,0.0349042432121001,0.278397460565356
"group3","go_id","GO:0008878 glucose-1-phosphate adenylyltransferase activity",8,2863,11,12483,3.17088395789206,0.0156345240580691,0.163788008046868
"group3","go_id","GO:0008880 glucuronate isomerase activity",2,2869,0,12494,Inf,0.0349042432121001,0.278397460565356
"group3","go_id","GO:0008887 glycerate kinase activity",8,2863,9,12485,3.87580568101609,0.00714951570808957,0.0874942602095937
"group3","go_id","GO:0008889 glycerophosphodiester phosphodiesterase activity",12,2859,13,12481,4.0291993800692,0.000813119788843027,0.0150345027623956
"group3","go_id","GO:0008897 phosphopantetheinyltransferase activity",0,2871,40,12454,0,0.000373786048329158,0.00727888682411195
"group3","go_id","GO:0008930 methylthioadenosine nucleosidase activity",8,2863,73,12421,0.475471894179226,0.0443732481744442,0.329177097258049
"group3","go_id","GO:0008955 peptidoglycan glycosyltransferase activity",7,2864,79,12415,0.384113822012587,0.011634786853391,0.129862666677636
"group3","go_id","GO:0008972 phosphomethylpyrimidine kinase activity",3,2868,0,12494,Inf,0.00651827597315078,0.081724001156524
"group3","go_id","GO:0008982 protein-N(PI)-phosphohistidine-sugar phosphotransferase activity",49,2822,33,12461,6.55604498741492,1.81868875711044e-16,7.39802171086814e-14
"group3","go_id","GO:0009001 serine O-acetyltransferase activity",0,2871,36,12458,0,0.000920895154036345,0.0165264566614072
"group3","go_id","GO:0009014 succinyl-diaminopimelate desuccinylase activity",8,2863,13,12481,2.68263724606904,0.0426312252916978,0.322464702051458
"group3","go_id","GO:0009016 succinyldiaminopimelate transaminase activity",16,2855,19,12475,3.67917518571229,0.000230095756654176,0.00486925182145051
"group3","go_id","GO:0009018 sucrose phosphorylase activity",12,2859,17,12477,3.08000189277026,0.006349015703198,0.0807074530882218
"group3","go_id","GO:0009252 peptidoglycan biosynthetic process",8,2863,6,12488,5.8148907197483,0.00150407735555401,0.0250292145394692
"group3","go_id","GO:0009384 N-acylmannosamine kinase activity",7,2864,2,12492,15.2592687580345,0.000199411800761711,0.00437153654244685
"group3","go_id","GO:0030272 5-formyltetrahydrofolate cyclo-ligase activity",8,2863,11,12483,3.17088395789206,0.0156345240580691,0.163788008046868
"group3","go_id","GO:0030604 1-deoxy-D-xylulose-5-phosphate reductoisomerase activity",8,2863,12,12482,2.90617587382272,0.0218747157179974,0.192046365092538
"group3","go_id","GO:0031071 cysteine desulfurase activity",8,2863,8,12486,4.36058027857165,0.00451739360108093,0.0603583137721069
"group3","go_id","GO:0046526 D-xylulose reductase activity",6,2865,1,12493,26.1760722193993,0.000249225638720417,0.00518192046591455
"group3","go_id","GO:0047605 acetolactate decarboxylase activity",8,2863,2,12492,17.446815757876,4.61963521718954e-05,0.00119102003733316
"group3","go_id","GO:0050118 N-acetyldiaminopimelate deacetylase activity",0,2871,28,12466,0,0.00577032824262052,0.0746472498100132
"group3","go_id","GO:0050380 undecaprenyl-diphosphatase activity",8,2863,12,12482,2.90617587382272,0.0218747157179974,0.192046365092538
"group3","go_id","GO:0050515 4-(cytidine 5'-diphospho)-2-C-methyl-D-erythritol kinase activity",8,2863,12,12482,2.90617587382272,0.0218747157179974,0.192046365092538
"group3","go_id","GO:0050518 2-C-methyl-D-erythritol 4-phosphate cytidylyltransferase activity",8,2863,13,12481,2.68263724606904,0.0426312252916978,0.322464702051458
"group3","go_id","GO:0051745 4-hydroxy-3-methylbut-2-en-1-yl diphosphate reductase activity",8,2863,12,12482,2.90617587382272,0.0218747157179974,0.192046365092538
"group4","pathway_id","460 Cyanoamino acid metabolism",7,431,80,18056,3.6647691100294,0.00446935569866426,0.0603583137721069
"group4","pathway_id","500 Starch and sucrose metabolism",43,395,990,17146,1.88535540930827,0.000291792652862873,0.0058695214402801
"group4","pathway_id","52 Galactose metabolism",69,369,2171,15965,1.37506230589218,0.0210249809401334,0.192046365092538
"group4","pathway_id","53 Ascorbate and aldarate metabolism",34,404,921,17215,1.57299615385167,0.0157372183600333,0.163944886345699
"group4","pathway_id","531 Glycosaminoglycan degradation",15,423,269,17867,2.35514056766866,0.00426052079958979,0.0586382204785647
"group4","go_id","GO:0004558 alpha-glucosidase activity",7,357,92,14909,3.177069191335,0.00914017918469629,0.105893025301181
"group4","go_id","GO:0004565 beta-galactosidase activity",8,356,115,14886,2.90846882312237,0.00893840495491842,0.104383156358658
"group4","go_id","GO:0008422 beta-glucosidase activity",7,357,72,14929,4.06489776018324,0.00265469911677816,0.0401936407902104
"group4","go_id","GO:0008982 protein-N(PI)-phosphohistidine-sugar phosphotransferase activity",6,358,76,14925,3.29081916279995,0.0131352312578434,0.143546512343178
"group5","pathway_id","1040 Biosynthesis of unsaturated fatty acids",0,10086,20,8468,0,1.55852496740991e-07,6.06995734647626e-06
"group5","pathway_id","120 Primary bile acid biosynthesis",11,10075,25,8463,0.369618207843925,0.00651395396027767,0.081724001156524
"group5","pathway_id","121 Secondary bile acid biosynthesis",11,10075,20,8468,0.462288561623678,0.0458513877049433,0.330743724221111
"group5","pathway_id","140 C21-Steroid hormone metabolism",10,10076,23,8465,0.365285693003151,0.00776398134646719,0.094118992415286
"group5","pathway_id","190 Oxidative phosphorylation",391,9695,261,8227,1.27122900356156,0.00305683990486195,0.0451253664987887
"group5","pathway_id","195 Photosynthesis",281,9805,181,8307,1.31527731684629,0.00451627604099886,0.0603583137721069
"group5","pathway_id","20 Citrate cycle (TCA cycle)",1304,8782,1241,7247,0.867111434183981,0.000898546344779399,0.0162850404368187
"group5","pathway_id","230 Purine metabolism",1804,8282,1239,7249,1.27438672460954,1.60624303397894e-09,1.68013021354197e-07
"group5","pathway_id","231 Puromycin biosynthesis",130,9956,67,8421,1.64109940196489,0.000911242129367964,0.0164337804710154
"group5","pathway_id","240 Pyrimidine metabolism",1233,8853,783,7705,1.3704863270349,5.13213626089695e-11,8.16902210919293e-09
"group5","pathway_id","260 Glycine, serine and threonine metabolism",393,9693,480,8008,0.676443884702687,1.95188174116265e-08,1.55344327269488e-06
"group5","pathway_id","270 Cysteine and methionine metabolism",684,9402,508,7980,1.14280396755576,0.028229328320058,0.238128043732102
"group5","pathway_id","281 Geraniol degradation",32,10054,5,8483,5.39952934869244,4.45589690506442e-05,0.00115695309003127
"group5","pathway_id","290 Valine, leucine and isoleucine biosynthesis",35,10051,219,8269,0.131500241639063,8.85864114122435e-42,3.24314852180223e-38
"group5","pathway_id","30 Pentose phosphate pathway",3690,6396,2784,5704,1.18201545502238,6.86669637238232e-08,4.65536581838735e-06
"group5","pathway_id","330 Arginine and proline metabolism",410,9676,481,8007,0.705384069197434,3.89254820676226e-07,1.39711950832908e-05
"group5","pathway_id","340 Histidine metabolism",236,9850,324,8164,0.60374263815371,5.23998503422568e-09,4.67892322202444e-07
"group5","pathway_id","364 Fluorobenzoate degradation",0,10086,8,8480,0,0.00189854613735666,0.0302199017776641
"group5","pathway_id","380 Tryptophan metabolism",211,9875,142,8346,1.25582647573125,0.0402851492959115,0.311805352161378
"group5","pathway_id","400 Phenylalanine, tyrosine and tryptophan biosynthesis",428,9658,477,8011,0.744278512554852,1.58921392175411e-05,0.000476894439962442
"group5","pathway_id","401 Novobiocin biosynthesis",133,9953,162,8326,0.686803412304884,0.00144543748651762,0.0245457349479412
"group5","pathway_id","410 beta-Alanine metabolism",0,10086,19,8469,0,3.4146216519413e-07,1.2377158284908e-05
"group5","pathway_id","4150 mTOR signaling pathway",9,10077,33,8455,0.228824219344267,1.6674005013773e-05,0.000476902596526742
"group5","pathway_id","430 Taurine and hypotaurine metabolism",72,10014,41,8447,1.48126772929272,0.0467040192802054,0.330743724221111
"group5","pathway_id","440 Phosphonate and phosphinate metabolism",48,10038,23,8465,1.75986485534845,0.0309606875108363,0.254141428199937
"group5","pathway_id","450 Selenoamino acid metabolism",257,9829,261,8227,0.824196548450881,0.0317372161221674,0.258199884940566
"group5","pathway_id","460 Cyanoamino acid metabolism",0,10086,87,8401,0,2.02692204769798e-30,3.71028080831115e-27
"group5","pathway_id","471 D-Glutamine and D-glutamate metabolism",105,9981,60,8428,1.47767378900663,0.0182751037839078,0.185847652646907
"group5","pathway_id","500 Starch and sucrose metabolism",406,9680,627,7861,0.525875540452216,2.93177545068057e-23,2.14664598498831e-20
"group5","pathway_id","51 Fructose and mannose metabolism",413,9673,403,8085,0.856580924015723,0.0310917714574165,0.254423750607116
"group5","pathway_id","510 N-Glycan biosynthesis",0,10086,4,8484,0,0.043594628613174,0.325050784832648
"group5","pathway_id","52 Galactose metabolism",1093,8993,1147,7341,0.777887066581342,2.5914296347901e-08,1.98225234702112e-06
"group5","pathway_id","520 Amino sugar and nucleotide sugar metabolism",653,9433,628,7860,0.866423908617604,0.0134968981776033,0.145758537546329
"group5","pathway_id","521 Streptomycin biosynthesis",219,9867,140,8348,1.32344599784324,0.0102086087456719,0.116380779739953
"group5","pathway_id","53 Ascorbate and aldarate metabolism",426,9660,529,7959,0.663515032679747,7.63992134001e-10,9.02250065347633e-08
"group5","pathway_id","531 Glycosaminoglycan degradation",83,10003,201,8287,0.342115829385428,9.37632237429597e-18,4.29083952653719e-15
"group5","pathway_id","550 Peptidoglycan biosynthesis",541,9545,328,8160,1.41003074986577,1.42145152695278e-06,4.81845744460567e-05
"group5","pathway_id","561 Glycerolipid metabolism",126,9960,166,8322,0.634230383288425,0.000142809267692647,0.00326765455639238
"group5","pathway_id","562 Inositol phosphate metabolism",113,9973,61,8427,1.56525262242202,0.00461877619899057,0.0614885078709254
"group5","pathway_id","564 Glycerophospholipid metabolism",378,9708,251,8237,1.27776532796087,0.00294959974384764,0.0438962791147407
"group5","pathway_id","592 alpha-Linolenic acid metabolism",131,9955,63,8425,1.75972761026422,0.00020449037772807,0.00442981818261813
"group5","pathway_id","600 Sphingolipid metabolism",159,9927,248,8240,0.532200599082595,4.75188357087499e-10,6.44320213073086e-08
"group5","pathway_id","603 Glycosphingolipid biosynthesis - globo series",94,9992,116,8372,0.678985371829986,0.0064588145270783,0.0815369654608057
"group5","pathway_id","604 Glycosphingolipid biosynthesis - ganglio series",227,9859,267,8221,0.708955080908553,0.000170749555888087,0.00378857044912901
"group5","pathway_id","61 Fatty acid biosynthesis",336,9750,342,8146,0.820841257464188,0.0119443229714435,0.132183826931285
"group5","pathway_id","62 Fatty acid elongation in mitochondria",893,9193,670,7818,1.13347505568605,0.0195492886498525,0.192046365092538
"group5","pathway_id","623 2,4-Dichlorobenzoate degradation",164,9922,100,8388,1.38641956531621,0.0106654412504509,0.120886007485761
"group5","pathway_id","626 Naphthalene and anthracene degradation",156,9930,79,8409,1.67216730523211,0.000165431743134759,0.00370078836226024
"group5","pathway_id","633 Trinitrotoluene degradation",109,9977,58,8430,1.58786813578819,0.00483124885532002,0.0640840654323427
"group5","pathway_id","642 Ethylbenzene degradation",124,9962,55,8433,1.90841687769334,5.72480568270049e-05,0.00143551463043606
"group5","pathway_id","650 Butanoate metabolism",346,9740,212,8276,1.38673436803029,0.000202909586797113,0.00442173807895375
"group5","pathway_id","660 C5-Branched dibasic acid metabolism",35,10051,129,8359,0.225642590430956,7.97238322295784e-18,4.16955642560695e-15
"group5","pathway_id","670 One carbon pool by folate",246,9840,165,8323,1.26104354835342,0.0241606183739385,0.208122409098797
"group5","pathway_id","680 Methane metabolism",615,9471,459,8029,1.13585890116164,0.0467973911899851,0.330743724221111
"group5","pathway_id","71 Fatty acid metabolism",693,9393,500,7988,1.17867163856882,0.00684347868522139,0.084928730395239
"group5","pathway_id","730 Thiamine metabolism",247,9839,167,8321,1.25083316703233,0.0280999415506989,0.237584032372075
"group5","pathway_id","750 Vitamin B6 metabolism",35,10051,63,8425,0.465696006413793,0.000228725019158308,0.00486838543685213
"group5","pathway_id","760 Nicotinate and nicotinamide metabolism",289,9797,317,8171,0.760379028899154,0.00104133092938108,0.0182407298204026
"group5","pathway_id","780 Biotin metabolism",173,9913,108,8380,1.3541086298486,0.0156585093735055,0.163788008046868
"group5","pathway_id","790 Folate biosynthesis",157,9929,201,8287,0.651944769416989,7.02170894971153e-05,0.0017369240854658
"group5","pathway_id","830 Retinol metabolism",73,10013,40,8448,1.53971959584234,0.0292587798595801,0.242344780692133
"group5","pathway_id","860 Porphyrin and chlorophyll metabolism",385,9701,239,8249,1.36974413784831,0.000165782379516711,0.00370078836226024
"group5","pathway_id","904 Diterpenoid biosynthesis",92,9994,55,8433,1.41142922516309,0.0459889172925807,0.330743724221111
"group5","pathway_id","908 Zeatin biosynthesis",52,10034,65,8423,0.671578448327188,0.032549153859608,0.263961584183163
"group5","pathway_id","910 Nitrogen metabolism",120,9966,162,8326,0.618868975399608,8.445169572279e-05,0.0020340635397443
"group5","pathway_id","930 Caprolactam degradation",0,10086,13,8475,0,3.77164139912171e-05,0.0010005782001583
"group5","pathway_id","940 Phenylpropanoid biosynthesis",144,9942,186,8302,0.646508369052292,9.19802299779116e-05,0.00220091256175905
"group5","pathway_id","970 Aminoacyl-tRNA biosynthesis",801,9285,461,8027,1.50207616115474,9.9720159573662e-12,1.82537752099588e-09
"group5","pathway_id","980 Metabolism of xenobiotics by cytochrome P450",63,10023,24,8464,2.21655718490866,0.000733546419691592,0.0136506964735061
"group5","pathway_id","981 Insect hormone biosynthesis",253,9833,165,8323,1.29784783665463,0.00980733680672182,0.113263911827787
"group5","pathway_id","982 Drug metabolism - cytochrome P450",63,10023,24,8464,2.21655718490866,0.000733546419691592,0.0136506964735061
"group5","pathway_id","983 Drug metabolism - other enzymes",248,9838,136,8352,1.54805089812704,4.12721187488605e-05,0.0010870304081984
"group5","go_id","GO:0000104 succinate dehydrogenase activity",71,8290,40,6964,1.49104436294173,0.0447061388338529,0.329177097258049
"group5","go_id","GO:0000105 histidine biosynthetic process",0,8361,20,6984,0,1.47860409327202e-07,5.8206124574934e-06
"group5","go_id","GO:0000154 rRNA modification",36,8325,15,6989,2.01472439877146,0.0235700423809674,0.203995094933148
"group5","go_id","GO:0000210 NAD+ diphosphatase activity",0,8361,20,6984,0,1.47860409327202e-07,5.8206124574934e-06
"group5","go_id","GO:0003676 nucleic acid binding",82,8279,42,6962,1.64174607260678,0.00858947372453256,0.102764912763117
"group5","go_id","GO:0003824 catalytic activity",72,8289,95,6909,0.631743112198643,0.00373993436331636,0.0528644776220123
"group5","go_id","GO:0003848 2-amino-4-hydroxy-6-hydroxymethyldihydropteridine diphosphokinase activity",6,8355,19,6985,0.2640295281119,0.0023566757004167,0.0362512173917039
"group5","go_id","GO:0003852 2-isopropylmalate synthase activity",0,8361,20,6984,0,1.47860409327202e-07,5.8206124574934e-06
"group5","go_id","GO:0003857 3-hydroxyacyl-CoA dehydrogenase activity",0,8361,5,6999,0,0.0196666479807114,0.192046365092538
"group5","go_id","GO:0003861 3-isopropylmalate dehydratase activity",0,8361,40,6964,0,2.11910421461447e-14,5.17202701980238e-12
"group5","go_id","GO:0003862 3-isopropylmalate dehydrogenase activity",0,8361,20,6984,0,1.47860409327202e-07,5.8206124574934e-06
"group5","go_id","GO:0003879 ATP phosphoribosyltransferase activity",0,8361,20,6984,0,1.47860409327202e-07,5.8206124574934e-06
"group5","go_id","GO:0003887 DNA-directed DNA polymerase activity",269,8092,151,6853,1.50864697280683,5.52188477414242e-05,0.00141367973133814
"group5","go_id","GO:0003899 DNA-directed RNA polymerase activity",140,8221,80,6924,1.47386840600937,0.00627610234265492,0.0805426322478992
"group5","go_id","GO:0003934 GTP cyclohydrolase I activity",0,8361,17,6987,0,1.56760502387125e-06,5.1702720652186e-05
"group5","go_id","GO:0003938 IMP dehydrogenase activity",70,8291,33,6971,1.7834274681406,0.00540710189500035,0.0709512546150404
"group5","go_id","GO:0003939 L-iditol 2-dehydrogenase activity",0,8361,6,6998,0,0.0089613847146484,0.104383156358658
"group5","go_id","GO:0003942 N-acetyl-gamma-glutamyl-phosphate reductase activity",0,8361,20,6984,0,1.47860409327202e-07,5.8206124574934e-06
"group5","go_id","GO:0003949 1-(5-phosphoribosyl)-5-[(5-phosphoribosylamino)methylideneamino]imidazole-4-carboxamide isomerase activity",0,8361,20,6984,0,1.47860409327202e-07,5.8206124574934e-06
"group5","go_id","GO:0003961 O-acetylhomoserine aminocarboxypropyltransferase activity",8,8353,40,6964,0.166771992705909,9.56296311035463e-08,5.8206124574934e-06
"group5","go_id","GO:0003962 cystathionine gamma-synthase activity",0,8361,14,6990,0,1.66079745900256e-05,0.000476902596526742
"group5","go_id","GO:0003979 UDP-glucose 6-dehydrogenase activity",0,8361,6,6998,0,0.0089613847146484,0.104383156358658
"group5","go_id","GO:0003984 acetolactate synthase activity",0,8361,40,6964,0,2.11910421461447e-14,5.17202701980238e-12
"group5","go_id","GO:0003985 acetyl-CoA C-acetyltransferase activity",32,8329,0,7004,Inf,3.85734068251202e-09,3.53043105966913e-07
"group5","go_id","GO:0003988 acetyl-CoA C-acyltransferase activity",32,8329,0,7004,Inf,3.85734068251202e-09,3.53043105966913e-07
"group5","go_id","GO:0003991 acetylglutamate kinase activity",0,8361,20,6984,0,1.47860409327202e-07,5.8206124574934e-06
"group5","go_id","GO:0003992 acetylornithine transaminase activity",0,8361,20,6984,0,1.47860409327202e-07,5.8206124574934e-06
"group5","go_id","GO:0003994 aconitate hydratase activity",0,8361,19,6985,0,3.24848366719433e-07,1.2012826975352e-05
"group5","go_id","GO:0004013 adenosylhomocysteinase activity",25,8336,5,6999,4.19765325786428,0.00140284904004154,0.0239992071756639
"group5","go_id","GO:0004022 alcohol dehydrogenase activity",63,8298,24,6980,2.20790216796653,0.000734549905840125,0.0136506964735061
"group5","go_id","GO:0004029 aldehyde dehydrogenase (NAD) activity",0,8361,16,6988,0,3.4432125803377e-06,0.000108668976350141
"group5","go_id","GO:0004048 anthranilate phosphoribosyltransferase activity",0,8361,20,6984,0,1.47860409327202e-07,5.8206124574934e-06
"group5","go_id","GO:0004049 anthranilate synthase activity",0,8361,45,6959,0,4.10301747366368e-16,1.50211469710827e-13
"group5","go_id","GO:0004065 arylsulfatase activity",0,8361,7,6997,0,0.00408306336565594,0.0566215719002515
"group5","go_id","GO:0004066 asparagine synthase (glutamine-hydrolyzing) activity",10,8351,1,7003,8.38358514490496,0.0151171073716287,0.16041660894937
"group5","go_id","GO:0004069 aspartate transaminase activity",75,8286,121,6883,0.514912053231797,6.4511772925495e-06,0.000196814667233531
"group5","go_id","GO:0004081 bis(5'-nucleosyl)-tetraphosphatase (asymmetrical) activity",0,8361,17,6987,0,1.56760502387125e-06,5.1702720652186e-05
"group5","go_id","GO:0004088 carbamoyl-phosphate synthase (glutamine-hydrolyzing) activity",71,8290,40,6964,1.49104436294173,0.0447061388338529,0.329177097258049
"group5","go_id","GO:0004103 choline kinase activity",10,8351,0,7004,Inf,0.00265688638930099,0.0401936407902104
"group5","go_id","GO:0004105 choline-phosphate cytidylyltransferase activity",10,8351,0,7004,Inf,0.00265688638930099,0.0401936407902104
"group5","go_id","GO:0004108 citrate (Si)-synthase activity",0,8361,20,6984,0,1.47860409327202e-07,5.8206124574934e-06
"group5","go_id","GO:0004121 cystathionine beta-lyase activity",0,8361,6,6998,0,0.0089613847146484,0.104383156358658
"group5","go_id","GO:0004122 cystathionine beta-synthase activity",0,8361,20,6984,0,1.47860409327202e-07,5.8206124574934e-06
"group5","go_id","GO:0004123 cystathionine gamma-lyase activity",0,8361,26,6978,0,1.31270610407948e-09,1.41347560206911e-07
"group5","go_id","GO:0004124 cysteine synthase activity",35,8326,0,7004,Inf,5.9180700240115e-10,7.28752229702289e-08
"group5","go_id","GO:0004129 cytochrome-c oxidase activity",6,8355,20,6984,0.250786392808501,0.00138648004657996,0.0238305326315926
"group5","go_id","GO:0004131 cytosine deaminase activity",0,8361,9,6995,0,0.000847435683292164,0.0154351345101125
"group5","go_id","GO:0004134 4-alpha-glucanotransferase activity",70,8291,39,6965,1.50777068114484,0.0425568753163568,0.322464702051458
"group5","go_id","GO:0004139 deoxyribose-phosphate aldolase activity",9,8352,0,7004,Inf,0.00502264339276024,0.0661435160463858
"group5","go_id","GO:0004140 dephospho-CoA kinase activity",52,8309,21,6983,2.08088981996328,0.00439374760522729,0.0601905483114718
"group5","go_id","GO:0004148 dihydrolipoyl dehydrogenase activity",0,8361,32,6972,0,1.16214935994541e-11,2.02601371750483e-09
"group5","go_id","GO:0004150 dihydroneopterin aldolase activity",0,8361,18,6986,0,7.13634108795181e-07,2.51212930028765e-05
"group5","go_id","GO:0004156 dihydropteroate synthase activity",6,8355,17,6987,0.295174744378619,0.0102361680077205,0.116380779739953
"group5","go_id","GO:0004160 dihydroxy-acid dehydratase activity",0,8361,20,6984,0,1.47860409327202e-07,5.8206124574934e-06
"group5","go_id","GO:0004163 diphosphomevalonate decarboxylase activity",27,8334,0,7004,Inf,9.17403136269748e-08,5.8206124574934e-06
"group5","go_id","GO:0004308 exo-alpha-sialidase activity",47,8314,11,6993,3.59347683425662,2.92701435110031e-05,0.000787926436718988
"group5","go_id","GO:0004309 exopolyphosphatase activity",35,8326,47,6957,0.622264102346753,0.0347573482754886,0.278397460565356
"group5","go_id","GO:0004316 3-oxoacyl-[acyl-carrier-protein] reductase activity",12,8349,23,6981,0.436271808746689,0.0177117970588068,0.181632742387372
"group5","go_id","GO:0004340 glucokinase activity",0,8361,7,6997,0,0.00408306336565594,0.0566215719002515
"group5","go_id","GO:0004354 glutamate dehydrogenase (NADP+) activity",0,8361,20,6984,0,1.47860409327202e-07,5.8206124574934e-06
"group5","go_id","GO:0004355 glutamate synthase (NADPH) activity",0,8361,40,6964,0,2.11910421461447e-14,5.17202701980238e-12
"group5","go_id","GO:0004358 glutamate N-acetyltransferase activity",0,8361,20,6984,0,1.47860409327202e-07,5.8206124574934e-06
"group5","go_id","GO:0004372 glycine hydroxymethyltransferase activity",0,8361,6,6998,0,0.0089613847146484,0.104383156358658
"group5","go_id","GO:0004397 histidine ammonia-lyase activity",0,8361,5,6999,0,0.0196666479807114,0.192046365092538
"group5","go_id","GO:0004399 histidinol dehydrogenase activity",0,8361,20,6984,0,1.47860409327202e-07,5.8206124574934e-06
"group5","go_id","GO:0004400 histidinol-phosphate transaminase activity",0,8361,20,6984,0,1.47860409327202e-07,5.8206124574934e-06
"group5","go_id","GO:0004417 hydroxyethylthiazole kinase activity",42,8319,20,6984,1.76293341066655,0.0403872686571948,0.31193626699154
"group5","go_id","GO:0004420 hydroxymethylglutaryl-CoA reductase (NADPH) activity",25,8336,0,7004,Inf,3.32526835193667e-07,1.21738074364401e-05
"group5","go_id","GO:0004421 hydroxymethylglutaryl-CoA synthase activity",32,8329,0,7004,Inf,3.85734068251202e-09,3.53043105966913e-07
"group5","go_id","GO:0004424 imidazoleglycerol-phosphate dehydratase activity",0,8361,20,6984,0,1.47860409327202e-07,5.8206124574934e-06
"group5","go_id","GO:0004425 indole-3-glycerol-phosphate synthase activity",0,8361,20,6984,0,1.47860409327202e-07,5.8206124574934e-06
"group5","go_id","GO:0004450 isocitrate dehydrogenase (NADP+) activity",0,8361,20,6984,0,1.47860409327202e-07,5.8206124574934e-06
"group5","go_id","GO:0004452 isopentenyl-diphosphate delta-isomerase activity",30,8331,0,7004,Inf,1.35970153475215e-08,1.131333481529e-06
"group5","go_id","GO:0004455 ketol-acid reductoisomerase activity",0,8361,36,6968,0,4.96568385581204e-13,1.06937462330164e-10
"group5","go_id","GO:0004459 L-lactate dehydrogenase activity",70,8291,38,6966,1.54766839202444,0.0326617311212709,0.263961584183163
"group5","go_id","GO:0004476 mannose-6-phosphate isomerase activity",0,8361,4,7000,0,0.0431570542331012,0.3226824020136
"group5","go_id","GO:0004496 mevalonate kinase activity",30,8331,0,7004,Inf,1.35970153475215e-08,1.131333481529e-06
"group5","go_id","GO:0004512 inositol-3-phosphate synthase activity",33,8328,5,6999,5.54623569179635,2.77405893996828e-05,0.000752283687349916
"group5","go_id","GO:0004514 nicotinate-nucleotide diphosphorylase (carboxylating) activity",0,8361,16,6988,0,3.4432125803377e-06,0.000108668976350141
"group5","go_id","GO:0004523 ribonuclease H activity",12,8349,2,7002,5.03150819437301,0.0280396015173151,0.237584032372075
"group5","go_id","GO:0004557 alpha-galactosidase activity",8,8353,33,6971,0.202360770329131,5.67309600846834e-06,0.000174531130142879
"group5","go_id","GO:0004558 alpha-glucosidase activity",38,8323,61,6943,0.51969071537523,0.00158563771726702,0.0261487373104259
"group5","go_id","GO:0004564 beta-fructofuranosidase activity",0,8361,27,6977,0,5.9717473070387e-10,7.28752229702289e-08
"group5","go_id","GO:0004565 beta-galactosidase activity",14,8347,109,6895,0.106111732721628,1.31509725468948e-23,1.20364276235455e-20
"group5","go_id","GO:0004568 chitinase activity",1,8360,10,6994,0.0836707676988269,0.003723021983433,0.052829393338559
"group5","go_id","GO:0004585 ornithine carbamoyltransferase activity",0,8361,20,6984,0,1.47860409327202e-07,5.8206124574934e-06
"group5","go_id","GO:0004616 phosphogluconate dehydrogenase (decarboxylating) activity",60,8301,23,6981,2.19371163050743,0.00121536470131137,0.0211878579595282
"group5","go_id","GO:0004617 phosphoglycerate dehydrogenase activity",1,8360,34,6970,0.0245480863073266,4.69533988687826e-11,7.81347242084605e-09
"group5","go_id","GO:0004622 lysophospholipase activity",0,8361,22,6982,0,3.06261703809839e-08,2.28821244417923e-06
"group5","go_id","GO:0004635 phosphoribosyl-AMP cyclohydrolase activity",0,8361,20,6984,0,1.47860409327202e-07,5.8206124574934e-06
"group5","go_id","GO:0004636 phosphoribosyl-ATP diphosphatase activity",0,8361,20,6984,0,1.47860409327202e-07,5.8206124574934e-06
"group5","go_id","GO:0004648 phosphoserine transaminase activity",0,8361,20,6984,0,1.47860409327202e-07,5.8206124574934e-06
"group5","go_id","GO:0004748 ribonucleoside-diphosphate reductase activity",70,8291,38,6966,1.54766839202444,0.0326617311212709,0.263961584183163
"group5","go_id","GO:0004775 succinate-CoA ligase (ADP-forming) activity",0,8361,40,6964,0,2.11910421461447e-14,5.17202701980238e-12
"group5","go_id","GO:0004793 threonine aldolase activity",0,8361,20,6984,0,1.47860409327202e-07,5.8206124574934e-06
"group5","go_id","GO:0004794 L-threonine ammonia-lyase activity",0,8361,20,6984,0,1.47860409327202e-07,5.8206124574934e-06
"group5","go_id","GO:0004826 phenylalanine-tRNA ligase activity",72,8289,40,6964,1.51222598703055,0.0363482270719751,0.287410063305617
"group5","go_id","GO:0004827 proline-tRNA ligase activity",35,8326,16,6988,1.83587434728473,0.0481119862898739,0.337429083921893
"group5","go_id","GO:0004834 tryptophan synthase activity",7,8354,40,6964,0.145904810337525,2.59896510945134e-08,1.98225234702112e-06
"group5","go_id","GO:0004850 uridine phosphorylase activity",37,8324,0,7004,Inf,1.7095763836987e-10,2.50350365628838e-08
"group5","go_id","GO:0008253 5'-nucleotidase activity",0,8361,26,6978,0,1.31270610407948e-09,1.41347560206911e-07
"group5","go_id","GO:0008422 beta-glucosidase activity",0,8361,79,6925,0,8.7447169365183e-28,1.06714695681978e-24
"group5","go_id","GO:0008444 CDP-diacylglycerol-glycerol-3-phosphate 3-phosphatidyltransferase activity",105,8256,45,6959,1.96665511404523,9.9615850079135e-05,0.00236814043597216
"group5","go_id","GO:0008477 purine nucleosidase activity",115,8246,46,6958,2.10936340151739,1.03850644385167e-05,0.000314212569499253
"group5","go_id","GO:0008478 pyridoxal kinase activity",0,8361,20,6984,0,1.47860409327202e-07,5.8206124574934e-06
"group5","go_id","GO:0008649 rRNA methyltransferase activity",36,8325,15,6989,2.01472439877146,0.0235700423809674,0.203995094933148
"group5","go_id","GO:0008658 penicillin binding",0,8361,14,6990,0,1.66079745900256e-05,0.000476902596526742
"group5","go_id","GO:0008661 1-deoxy-D-xylulose-5-phosphate synthase activity",0,8361,20,6984,0,1.47860409327202e-07,5.8206124574934e-06
"group5","go_id","GO:0008663 2',3'-cyclic-nucleotide 2'-phosphodiesterase activity",0,8361,9,6995,0,0.000847435683292164,0.0154351345101125
"group5","go_id","GO:0008666 2,3,4,5-tetrahydropyridine-2,6-dicarboxylate N-succinyltransferase activity",0,8361,20,6984,0,1.47860409327202e-07,5.8206124574934e-06
"group5","go_id","GO:0008677 2-dehydropantoate 2-reductase activity",35,8326,5,6999,5.8837829421743,1.71452322663497e-05,0.000486579033543459
"group5","go_id","GO:0008685 2-C-methyl-D-erythritol 2,4-cyclodiphosphate synthase activity",0,8361,20,6984,0,1.47860409327202e-07,5.8206124574934e-06
"group5","go_id","GO:0008696 4-amino-4-deoxychorismate lyase activity",0,8361,14,6990,0,1.66079745900256e-05,0.000476902596526742
"group5","go_id","GO:0008734 L-aspartate oxidase activity",0,8361,16,6988,0,3.4432125803377e-06,0.000108668976350141
"group5","go_id","GO:0008750 NAD(P)+ transhydrogenase (AB-specific) activity",0,8361,60,6944,0,2.94336811928887e-21,1.79594511411943e-18
"group5","go_id","GO:0008782 adenosylhomocysteine nucleosidase activity",60,8301,21,6983,2.40329976003067,0.00030910444927364,0.0061169264258962
"group5","go_id","GO:0008797 aspartate ammonia-lyase activity",0,8361,19,6985,0,3.24848366719433e-07,1.2012826975352e-05
"group5","go_id","GO:0008829 dCTP deaminase activity",35,8326,11,6993,2.6721619037995,0.00285800270253194,0.0428817536638091
"group5","go_id","GO:0008834 di-trans,poly-cis-decaprenylcistransferase activity",35,8326,11,6993,2.6721619037995,0.00285800270253194,0.0428817536638091
"group5","go_id","GO:0008836 diaminopimelate decarboxylase activity",0,8361,20,6984,0,1.47860409327202e-07,5.8206124574934e-06
"group5","go_id","GO:0008837 diaminopimelate epimerase activity",0,8361,20,6984,0,1.47860409327202e-07,5.8206124574934e-06
"group5","go_id","GO:0008878 glucose-1-phosphate adenylyltransferase activity",0,8361,19,6985,0,3.24848366719433e-07,1.2012826975352e-05
"group5","go_id","GO:0008887 glycerate kinase activity",0,8361,17,6987,0,1.56760502387125e-06,5.1702720652186e-05
"group5","go_id","GO:0008889 glycerophosphodiester phosphodiesterase activity",0,8361,25,6979,0,2.88535773557518e-09,2.85494450538939e-07
"group5","go_id","GO:0008897 phosphopantetheinyltransferase activity",34,8327,6,6998,4.76180824926424,8.18242381024059e-05,0.00201045997109334
"group5","go_id","GO:0008899 homoserine O-succinyltransferase activity",8,8353,20,6984,0.334465431565189,0.00716970173801642,0.0874942602095937
"group5","go_id","GO:0008928 mannose-1-phosphate guanylyltransferase (GDP) activity",0,8361,4,7000,0,0.0431570542331012,0.3226824020136
"group5","go_id","GO:0008930 methylthioadenosine nucleosidase activity",60,8301,21,6983,2.40329976003067,0.00030910444927364,0.0061169264258962
"group5","go_id","GO:0008955 peptidoglycan glycosyltransferase activity",61,8300,25,6979,2.05152749709543,0.00220037859417553,0.0345733306149211
"group5","go_id","GO:0008982 protein-N(PI)-phosphohistidine-sugar phosphotransferase activity",13,8348,69,6935,0.15654231974334,7.20627875754352e-13,1.46567702952038e-10
"group5","go_id","GO:0009001 serine O-acetyltransferase activity",35,8326,1,7003,29.4355905049897,1.58474888862252e-08,1.28928126249934e-06
"group5","go_id","GO:0009002 serine-type D-Ala-D-Ala carboxypeptidase activity",71,8290,25,6979,2.39067989979539,0.000118350275923767,0.002759747516923
"group5","go_id","GO:0009014 succinyl-diaminopimelate desuccinylase activity",0,8361,21,6983,0,6.7295998614609e-08,4.65536581838735e-06
"group5","go_id","GO:0009016 succinyldiaminopimelate transaminase activity",0,8361,35,6969,0,1.09232219126989e-12,2.10473239065214e-10
"group5","go_id","GO:0009018 sucrose phosphorylase activity",0,8361,29,6975,0,1.23557031669494e-10,1.88475955392507e-08
"group5","go_id","GO:0009044 xylan 1,4-beta-xylosidase activity",0,8361,14,6990,0,1.66079745900256e-05,0.000476902596526742
"group5","go_id","GO:0009252 peptidoglycan biosynthetic process",0,8361,14,6990,0,1.66079745900256e-05,0.000476902596526742
"group5","go_id","GO:0009384 N-acylmannosamine kinase activity",0,8361,9,6995,0,0.000847435683292164,0.0154351345101125
"group5","go_id","GO:0030272 5-formyltetrahydrofolate cyclo-ligase activity",0,8361,19,6985,0,3.24848366719433e-07,1.2012826975352e-05
"group5","go_id","GO:0030604 1-deoxy-D-xylulose-5-phosphate reductoisomerase activity",0,8361,20,6984,0,1.47860409327202e-07,5.8206124574934e-06
"group5","go_id","GO:0031071 cysteine desulfurase activity",0,8361,16,6988,0,3.4432125803377e-06,0.000108668976350141
"group5","go_id","GO:0046316 gluconokinase activity",24,8337,8,6996,2.51723736068245,0.0205932297775377,0.192046365092538
"group5","go_id","GO:0046526 D-xylulose reductase activity",0,8361,7,6997,0,0.00408306336565594,0.0566215719002515
"group5","go_id","GO:0046556 alpha-N-arabinofuranosidase activity",0,8361,28,6976,0,2.71644810022225e-10,3.8249678826591e-08
"group5","go_id","GO:0046933 hydrogen ion transporting ATP synthase activity, rotational mechanism",246,8115,161,6843,1.28842625949898,0.0134552675490789,0.145738859459106
"group5","go_id","GO:0046961 hydrogen ion transporting ATPase activity, rotational mechanism",246,8115,161,6843,1.28842625949898,0.0134552675490789,0.145738859459106
"group5","go_id","GO:0047465 N-acylglucosamine-6-phosphate 2-epimerase activity",26,8335,9,6995,2.42425046277501,0.0257422212745624,0.219678955911825
"group5","go_id","GO:0047575 4-carboxymuconolactone decarboxylase activity",0,8361,27,6977,0,5.9717473070387e-10,7.28752229702289e-08
"group5","go_id","GO:0047605 acetolactate decarboxylase activity",0,8361,10,6994,0,0.000386025827339716,0.00747746324809894
"group5","go_id","GO:0047631 ADP-ribose diphosphatase activity",0,8361,24,6980,0,6.34158639275916e-09,5.52774947235507e-07
"group5","go_id","GO:0050118 N-acetyldiaminopimelate deacetylase activity",27,8334,1,7003,22.6860288595111,1.11417350330972e-06,3.88475161487322e-05
"group5","go_id","GO:0050380 undecaprenyl-diphosphatase activity",0,8361,20,6984,0,1.47860409327202e-07,5.8206124574934e-06
"group5","go_id","GO:0050515 4-(cytidine 5'-diphospho)-2-C-methyl-D-erythritol kinase activity",0,8361,20,6984,0,1.47860409327202e-07,5.8206124574934e-06
"group5","go_id","GO:0050518 2-C-methyl-D-erythritol 4-phosphate cytidylyltransferase activity",0,8361,21,6983,0,6.7295998614609e-08,4.65536581838735e-06
"group5","go_id","GO:0051745 4-hydroxy-3-methylbut-2-en-1-yl diphosphate reductase activity",0,8361,20,6984,0,1.47860409327202e-07,5.8206124574934e-06
"group6","pathway_id","120 Primary bile acid biosynthesis",10,2144,26,16394,2.94070451766108,0.00639331425373398,0.0809893546121803
"group6","pathway_id","240 Pyrimidine metabolism",205,1949,1811,14609,0.848492690756412,0.0356732686117054,0.283296825135474
"group6","pathway_id","290 Valine, leucine and isoleucine biosynthesis",55,2099,199,16221,2.13575917449017,4.11648835593919e-06,0.000128807383513619
"group6","pathway_id","330 Arginine and proline metabolism",125,2029,766,15654,1.25897857663892,0.0241454778296795,0.208122409098797
"group6","pathway_id","340 Histidine metabolism",85,2069,475,15945,1.37904923377339,0.00888849634099511,0.104383156358658
"group6","pathway_id","4150 mTOR signaling pathway",11,2143,31,16389,2.71348868082132,0.0070062820975128,0.0866554012128188
"group6","pathway_id","460 Cyanoamino acid metabolism",24,2130,63,16357,2.92522630171751,5.71817752672575e-05,0.00143551463043606
"group6","pathway_id","531 Glycosaminoglycan degradation",47,2107,237,16183,1.52310723514288,0.0114600120904369,0.128303071140946
"group6","pathway_id","550 Peptidoglycan biosynthesis",80,2074,789,15631,0.764182387219639,0.0226676793563545,0.19805817213273
"group6","pathway_id","660 C5-Branched dibasic acid metabolism",30,2124,134,16286,1.71656285397443,0.00995979688487545,0.114303499672505
"group6","pathway_id","760 Nicotinate and nicotinamide metabolism",90,2064,516,15904,1.34394316092819,0.0140525403784121,0.150427924927973
"group6","pathway_id","860 Porphyrin and chlorophyll metabolism",52,2102,572,15848,0.685420692972028,0.00898134232531478,0.104383156358658
"group6","pathway_id","930 Caprolactam degradation",5,2149,8,16412,4.77262732807236,0.0120561636927866,0.132759295143916
"group6","pathway_id","970 Aminoacyl-tRNA biosynthesis",115,2039,1147,15273,0.751014359086777,0.0040751589596076,0.0566215719002515
"group6","go_id","GO:0003857 3-hydroxyacyl-CoA dehydrogenase activity",5,1747,0,13613,Inf,1.91782683346577e-05,0.000535966720405968
"group6","go_id","GO:0003861 3-isopropylmalate dehydratase activity",10,1742,30,13583,2.59889152928743,0.0202281727301588,0.192046365092538
"group6","go_id","GO:0003922 GMP synthase (glutamine-hydrolyzing) activity",1,1751,52,13561,0.148946022968507,0.0271626620990949,0.230725071797648
"group6","go_id","GO:0003934 GTP cyclohydrolase I activity",5,1747,12,13601,3.24334593516324,0.0367151311495305,0.287824614857454
"group6","go_id","GO:0003962 cystathionine gamma-synthase activity",5,1747,9,13604,4.32579724081993,0.0158526330965248,0.163944886345699
"group6","go_id","GO:0003984 acetolactate synthase activity",10,1742,30,13583,2.59889152928743,0.0202281727301588,0.192046365092538
"group6","go_id","GO:0003985 acetyl-CoA C-acetyltransferase activity",0,1752,32,13581,0,0.0448673508690977,0.329177097258049
"group6","go_id","GO:0003988 acetyl-CoA C-acyltransferase activity",0,1752,32,13581,0,0.0448673508690977,0.329177097258049
"group6","go_id","GO:0004029 aldehyde dehydrogenase (NAD) activity",5,1747,11,13602,3.53859843808814,0.0285230788998728,0.238408657197339
"group6","go_id","GO:0004049 anthranilate synthase activity",15,1737,30,13583,3.90896379528223,8.29528674964858e-05,0.0020246029860309
"group6","go_id","GO:0004081 bis(5'-nucleosyl)-tetraphosphatase (asymmetrical) activity",5,1747,12,13601,3.24334593516324,0.0367151311495305,0.287824614857454
"group6","go_id","GO:0004121 cystathionine beta-lyase activity",5,1747,1,13612,38.9341980340549,0.000104163218477787,0.00244449706953319
"group6","go_id","GO:0004124 cysteine synthase activity",0,1752,35,13578,0,0.0287440224857464,0.238621012064212
"group6","go_id","GO:0004131 cytosine deaminase activity",5,1747,4,13609,9.73295434466186,0.00162557570244731,0.026439292463945
"group6","go_id","GO:0004148 dihydrolipoyl dehydrogenase activity",10,1742,22,13591,3.54588442670426,0.0021948765288903,0.0345733306149211
"group6","go_id","GO:0004308 exo-alpha-sialidase activity",0,1752,58,13555,0,0.00144820506658162,0.0245457349479412
"group6","go_id","GO:0004316 3-oxoacyl-[acyl-carrier-protein] reductase activity",11,1741,24,13589,3.57695628149584,0.0012681954197274,0.0220040920929953
"group6","go_id","GO:0004355 glutamate synthase (NADPH) activity",10,1742,30,13583,2.59889152928743,0.0202281727301588,0.192046365092538
"group6","go_id","GO:0004372 glycine hydroxymethyltransferase activity",5,1747,1,13612,38.9341980340549,0.000104163218477787,0.00244449706953319
"group6","go_id","GO:0004397 histidine ammonia-lyase activity",5,1747,0,13613,Inf,1.91782683346577e-05,0.000535966720405968
"group6","go_id","GO:0004421 hydroxymethylglutaryl-CoA synthase activity",0,1752,32,13581,0,0.0448673508690977,0.329177097258049
"group6","go_id","GO:0004452 isopentenyl-diphosphate delta-isomerase activity",0,1752,30,13583,0,0.0428754797644884,0.3226824020136
"group6","go_id","GO:0004455 ketol-acid reductoisomerase activity",10,1742,26,13587,2.99957255343379,0.00566209098913987,0.0735067911746137
"group6","go_id","GO:0004496 mevalonate kinase activity",0,1752,30,13583,0,0.0428754797644884,0.3226824020136
"group6","go_id","GO:0004512 inositol-3-phosphate synthase activity",0,1752,38,13575,0,0.0185158399335803,0.187774210517555
"group6","go_id","GO:0004514 nicotinate-nucleotide diphosphorylase (carboxylating) activity",5,1747,11,13602,3.53859843808814,0.0285230788998728,0.238408657197339
"group6","go_id","GO:0004557 alpha-galactosidase activity",10,1742,31,13582,2.51502920459038,0.0216990455848916,0.192046365092538
"group6","go_id","GO:0004565 beta-galactosidase activity",22,1730,101,13512,1.70119897241429,0.0313636026792965,0.255728617837204
"group6","go_id","GO:0004566 beta-glucuronidase activity",3,1749,0,13613,Inf,0.00148028522014209,0.0249738441978811
"group6","go_id","GO:0004775 succinate-CoA ligase (ADP-forming) activity",10,1742,30,13583,2.59889152928743,0.0202281727301588,0.192046365092538
"group6","go_id","GO:0004850 uridine phosphorylase activity",0,1752,37,13576,0,0.0182584292142517,0.185847652646907
"group6","go_id","GO:0008253 5'-nucleotidase activity",13,1739,13,13600,7.81843978157429,1.30535044355181e-06,4.50838488098413e-05
"group6","go_id","GO:0008422 beta-glucosidase activity",19,1733,60,13553,2.4761673025243,0.00192593142745296,0.030523095047209
"group6","go_id","GO:0008658 penicillin binding",5,1747,9,13604,4.32579724081993,0.0158526330965248,0.163944886345699
"group6","go_id","GO:0008663 2',3'-cyclic-nucleotide 2'-phosphodiesterase activity",8,1744,1,13612,62.458955900801,2.27972051357523e-07,8.78532294757781e-06
"group6","go_id","GO:0008677 2-dehydropantoate 2-reductase activity",0,1752,40,13573,0,0.0119510643852104,0.132183826931285
"group6","go_id","GO:0008734 L-aspartate oxidase activity",5,1747,11,13602,3.53859843808814,0.0285230788998728,0.238408657197339
"group6","go_id","GO:0008750 NAD(P)+ transhydrogenase (AB-specific) activity",15,1737,45,13568,2.6034938939758,0.00315463381590487,0.04638198554228
"group6","go_id","GO:0008829 dCTP deaminase activity",0,1752,46,13567,0,0.00824248812186641,0.0992623322833978
"group6","go_id","GO:0008834 di-trans,poly-cis-decaprenylcistransferase activity",0,1752,46,13567,0,0.00824248812186641,0.0992623322833978
"group6","go_id","GO:0008887 glycerate kinase activity",5,1747,12,13601,3.24334593516324,0.0367151311495305,0.287824614857454
"group6","go_id","GO:0008897 phosphopantetheinyltransferase activity",0,1752,40,13573,0,0.0119510643852104,0.132183826931285
"group6","go_id","GO:0009001 serine O-acetyltransferase activity",0,1752,36,13577,0,0.0300039346439167,0.247955766887989
"group6","go_id","GO:0009014 succinyl-diaminopimelate desuccinylase activity",6,1746,15,13598,3.11481672734299,0.0261308403338788,0.222476759214722
"group6","go_id","GO:0009018 sucrose phosphorylase activity",8,1744,21,13592,2.96868876127068,0.0134143221579845,0.145738859459106
"group6","go_id","GO:0009045 xylose isomerase activity",5,1747,12,13601,3.24334593516324,0.0367151311495305,0.287824614857454
"group6","go_id","GO:0009058 biosynthetic process",2,1750,1,13612,15.5510822168385,0.0360250669946467,0.285471364215155
"group6","go_id","GO:0009252 peptidoglycan biosynthetic process",5,1747,9,13604,4.32579724081993,0.0158526330965248,0.163944886345699
"group6","go_id","GO:0031071 cysteine desulfurase activity",5,1747,11,13602,3.53859843808814,0.0285230788998728,0.238408657197339
"group6","go_id","GO:0046556 alpha-N-arabinofuranosidase activity",21,1731,7,13606,23.5703041850884,7.54945705845069e-15,2.512596571908e-12
"group6","go_id","GO:0047465 N-acylglucosamine-6-phosphate 2-epimerase activity",0,1752,35,13578,0,0.0287440224857464,0.238621012064212
"group7","go_id","GO:0004067 asparaginase activity",1,325,1,15038,46.2022186781565,0.0419852918563332,0.319963304463528
"group7","go_id","GO:0004127 cytidylate kinase activity",1,325,1,15038,46.2022186781565,0.0419852918563332,0.319963304463528
"group7","go_id","GO:0004632 phosphopantothenate--cysteine ligase activity",1,325,1,15038,46.2022186781565,0.0419852918563332,0.319963304463528
"group7","go_id","GO:0004633 phosphopantothenoylcysteine decarboxylase activity",1,325,1,15038,46.2022186781565,0.0419852918563332,0.319963304463528
"group7","go_id","GO:0004760 serine-pyruvate transaminase activity",1,325,0,15039,Inf,0.0212170517409698,0.192046365092538
"group7","go_id","GO:0008453 alanine-glyoxylate transaminase activity",1,325,0,15039,Inf,0.0212170517409698,0.192046365092538
"group7","go_id","GO:0008720 D-lactate dehydrogenase activity",1,325,0,15039,Inf,0.0212170517409698,0.192046365092538
"group7","go_id","GO:0018112 proline racemase activity",1,325,0,15039,Inf,0.0212170517409698,0.192046365092538
"group7","go_id","GO:0042286 glutamate-1-semialdehyde 2,1-aminomutase activity",1,325,0,15039,Inf,0.0212170517409698,0.192046365092538
